{
    "experiment_name": "exp5_baselines",
    "timestamp": "20251208-131434",
    "config": {
        "n_qubits": 4,
        "k_qubits": 2,
        "n_train": 20,
        "n_test": 10,
        "state_type": "ghz"
    },
    "results": {
        "QAE": {
            "avg_fidelity": 0.7387623007983727,
            "std_fidelity": 0.1976436875315089,
            "fidelities": [
                0.622157644974277,
                0.8344962227463526,
                0.4656537638849434,
                0.9749067512760766,
                0.4874803117506725,
                0.4660626791475246,
                0.9426778959499372,
                0.7990956512404448,
                0.9442483428392894,
                0.8508437441742083
            ]
        },
        "PCA": {
            "avg_fidelity": 0.9999999999999998
        },
        "Random": {
            "avg_fidelity": 0.19660048913555378
        }
    }
}